{
  "camera": "left",
  "homography": [
    [
      -0.04194822055203059,
      -3.779092262029321,
      1761.923447548818
    ],
    [
      3.420877753041226,
      1.3440977111578816,
      -477.27938860882045
    ],
    [
      0.00021462761483267265,
      0.0036282233945921162,
      1.0
    ]
  ],
  "src_points": [
    [
      273.0,
      254.0
    ],
    [
      55.0,
      259.0
    ],
    [
      79.0,
      217.0
    ],
    [
      115.0,
      186.0
    ],
    [
      163.0,
      161.0
    ],
    [
      211.0,
      147.0
    ],
    [
      271.0,
      141.0
    ],
    [
      322.0,
      144.0
    ],
    [
      376.0,
      157.0
    ],
    [
      424.0,
      179.0
    ],
    [
      461.0,
      210.0
    ],
    [
      487.0,
      246.0
    ],
    [
      495.0,
      294.0
    ],
    [
      479.0,
      342.0
    ],
    [
      436.0,
      388.0
    ],
    [
      364.0,
      423.0
    ],
    [
      280.0,
      439.0
    ],
    [
      184.0,
      428.0
    ],
    [
      115.0,
      399.0
    ],
    [
      68.0,
      354.0
    ],
    [
      50.0,
      306.0
    ],
    [
      134.0,
      257.0
    ],
    [
      147.0,
      231.0
    ],
    [
      169.0,
      209.0
    ],
    [
      197.0,
      193.0
    ],
    [
      232.0,
      182.0
    ],
    [
      271.0,
      178.0
    ],
    [
      309.0,
      180.0
    ],
    [
      344.0,
      190.0
    ],
    [
      375.0,
      206.0
    ],
    [
      398.0,
      226.0
    ],
    [
      410.0,
      250.0
    ],
    [
      412.0,
      280.0
    ],
    [
      397.0,
      308.0
    ],
    [
      366.0,
      335.0
    ],
    [
      326.0,
      351.0
    ],
    [
      275.0,
      359.0
    ],
    [
      224.0,
      354.0
    ],
    [
      180.0,
      338.0
    ],
    [
      150.0,
      313.0
    ],
    [
      134.0,
      286.0
    ]
  ],
  "dst_points": [
    [
      400.0,
      400.0
    ],
    [
      400.0,
      30.0
    ],
    [
      514.3363037109375,
      48.10908889770508
    ],
    [
      617.4805297851562,
      100.66371154785156
    ],
    [
      699.3363037109375,
      182.5194549560547
    ],
    [
      751.8909301757812,
      285.6637268066406
    ],
    [
      770.0,
      400.0
    ],
    [
      751.8909301757812,
      514.3363037109375
    ],
    [
      699.3363037109375,
      617.4805297851562
    ],
    [
      617.4805297851562,
      699.3363037109375
    ],
    [
      514.3363037109375,
      751.8909301757812
    ],
    [
      400.0,
      770.0
    ],
    [
      285.6637268066406,
      751.8909301757812
    ],
    [
      182.5194549560547,
      699.3363037109375
    ],
    [
      100.66371154785156,
      617.4805297851562
    ],
    [
      48.10908889770508,
      514.3363037109375
    ],
    [
      30.0,
      400.0
    ],
    [
      48.10908889770508,
      285.6637268066406
    ],
    [
      100.66371154785156,
      182.5194549560547
    ],
    [
      182.5194549560547,
      100.66371154785156
    ],
    [
      285.6637268066406,
      48.10908889770508
    ],
    [
      400.0,
      167.11764526367188
    ],
    [
      471.964599609375,
      178.51571655273438
    ],
    [
      536.8848266601562,
      211.59422302246094
    ],
    [
      588.40576171875,
      263.11517333984375
    ],
    [
      621.4842529296875,
      328.035400390625
    ],
    [
      632.88232421875,
      400.0
    ],
    [
      621.4842529296875,
      471.964599609375
    ],
    [
      588.40576171875,
      536.8848266601562
    ],
    [
      536.8848266601562,
      588.40576171875
    ],
    [
      471.964599609375,
      621.4842529296875
    ],
    [
      400.0,
      632.88232421875
    ],
    [
      328.035400390625,
      621.4842529296875
    ],
    [
      263.11517333984375,
      588.40576171875
    ],
    [
      211.59422302246094,
      536.8848266601562
    ],
    [
      178.51571655273438,
      471.964599609375
    ],
    [
      167.11764526367188,
      400.0
    ],
    [
      178.51571655273438,
      328.035400390625
    ],
    [
      211.59422302246094,
      263.11517333984375
    ],
    [
      263.11517333984375,
      211.59422302246094
    ],
    [
      328.035400390625,
      178.51571655273438
    ]
  ],
  "image_shape": [
    480,
    640
  ],
  "board_size": 800,
  "board_scale": 2.176470588235294,
  "board_center": 400.0,
  "roi": {
    "x_offset": 0,
    "width": 640,
    "full_width": 1280
  }
}