{
  "camera": "right",
  "homography": [
    [
      -0.1926249828875015,
      -4.001462276574752,
      1965.406643242969
    ],
    [
      3.555484700931346,
      1.4638206644834453,
      -674.3750214895254
    ],
    [
      0.000141634230186878,
      0.003808758948642145,
      1.0
    ]
  ],
  "src_points": [
    [
      311.8554928032636,
      269.2939254685576
    ],
    [
      95.10672433035715,
      280.5911330049261
    ],
    [
      117.9638671875,
      238.8177339901478
    ],
    [
      154.22002482296799,
      206.5024630541872
    ],
    [
      198.35795585745075,
      181.2807881773399
    ],
    [
      251.16583763084978,
      163.9408866995074
    ],
    [
      310.2791381234606,
      156.8472906403941
    ],
    [
      362.29884255695816,
      157.63546798029557
    ],
    [
      414.3185469904557,
      167.88177339901478
    ],
    [
      463.1855420643473,
      190.73891625615764
    ],
    [
      502.5944090594212,
      221.47783251231527
    ],
    [
      527.0279065963671,
      257.7339901477833
    ],
    [
      536.4860346751848,
      306.6009852216749
    ],
    [
      520.7224878771552,
      353.8916256157636
    ],
    [
      477.37273418257394,
      402.7586206896552
    ],
    [
      405.6485962515394,
      436.65024630541876
    ],
    [
      311.8554928032636,
      456.3546798029557
    ],
    [
      225.155985414101,
      447.6847290640394
    ],
    [
      154.22002482296799,
      416.9458128078818
    ],
    [
      108.50573910868228,
      375.9605911330049
    ],
    [
      91.16583763084975,
      325.51724137931035
    ],
    [
      173.92445832050493,
      273.49753694581284
    ],
    [
      186.53529575892858,
      248.27586206896552
    ],
    [
      207.81608393626848,
      225.41871921182266
    ],
    [
      240.91953221213055,
      209.6551724137931
    ],
    [
      276.38751250769707,
      197.04433497536948
    ],
    [
      309.4909607835591,
      193.89162561576356
    ],
    [
      348.11165043873154,
      194.67980295566502
    ],
    [
      382.79145339439657,
      203.3497536945813
    ],
    [
      411.16583763084975,
      215.96059113300493
    ],
    [
      435.5993351677956,
      237.24137931034483
    ],
    [
      450.5747046259237,
      264.0394088669951
    ],
    [
      449.7865272860222,
      295.5665024630542
    ],
    [
      434.81115782789414,
      324.72906403940885
    ],
    [
      410.3776602909483,
      346.0098522167488
    ],
    [
      363.8751972367611,
      368.86699507389164
    ],
    [
      311.0673154633621,
      374.384236453202
    ],
    [
      261.41214304956895,
      371.23152709359607
    ],
    [
      220.42692137469214,
      355.4679802955665
    ],
    [
      188.899827778633,
      331.0344827586207
    ],
    [
      174.71263566040642,
      304.23645320197045
    ]
  ],
  "dst_points": [
    [
      400.0,
      400.0
    ],
    [
      400.0,
      30.000000000000057
    ],
    [
      514.3362879187306,
      48.109088970793266
    ],
    [
      617.4805433482151,
      100.66371208126947
    ],
    [
      699.3362879187305,
      182.51945665178496
    ],
    [
      751.8909110292068,
      285.66371208126947
    ],
    [
      770.0,
      400.0
    ],
    [
      751.8909110292068,
      514.3362879187305
    ],
    [
      699.3362879187305,
      617.4805433482151
    ],
    [
      617.4805433482151,
      699.3362879187305
    ],
    [
      514.3362879187306,
      751.8909110292068
    ],
    [
      400.0,
      770.0
    ],
    [
      285.66371208126947,
      751.8909110292068
    ],
    [
      182.519456651785,
      699.3362879187305
    ],
    [
      100.66371208126952,
      617.4805433482151
    ],
    [
      48.109088970793266,
      514.3362879187306
    ],
    [
      30.000000000000057,
      400.00000000000006
    ],
    [
      48.10908897079321,
      285.6637120812695
    ],
    [
      100.66371208126947,
      182.519456651785
    ],
    [
      182.51945665178494,
      100.66371208126952
    ],
    [
      285.6637120812694,
      48.109088970793266
    ],
    [
      400.0,
      167.11764705882354
    ],
    [
      471.96460474884805,
      178.51572070514632
    ],
    [
      536.8848125779941,
      211.59421878056375
    ],
    [
      588.4057812194362,
      263.1151874220058
    ],
    [
      621.4842792948536,
      328.03539525115195
    ],
    [
      632.8823529411765,
      400.0
    ],
    [
      621.4842792948536,
      471.96460474884805
    ],
    [
      588.4057812194362,
      536.8848125779941
    ],
    [
      536.8848125779941,
      588.4057812194362
    ],
    [
      471.96460474884805,
      621.4842792948536
    ],
    [
      400.0,
      632.8823529411765
    ],
    [
      328.03539525115195,
      621.4842792948536
    ],
    [
      263.1151874220059,
      588.4057812194362
    ],
    [
      211.59421878056375,
      536.8848125779942
    ],
    [
      178.51572070514632,
      471.96460474884805
    ],
    [
      167.11764705882354,
      400.00000000000006
    ],
    [
      178.5157207051463,
      328.035395251152
    ],
    [
      211.59421878056375,
      263.1151874220059
    ],
    [
      263.11518742200576,
      211.59421878056375
    ],
    [
      328.0353952511519,
      178.51572070514632
    ]
  ],
  "image_shape": [
    480,
    640
  ],
  "board_size": 800,
  "board_scale": 2.176470588235294,
  "board_center": 400.0
}