{
  "camera": "left",
  "homography": [
    [
      0.19576898080165453,
      5.282748506499273,
      -550.168359451043
    ],
    [
      -2.670900191644596,
      1.1711679918281324,
      1169.370891677168
    ],
    [
      0.00015347156916424733,
      0.0027294083360111005,
      1.0
    ]
  ],
  "src_points": [
    [
      288.2101726062192,
      216.74876847290642
    ],
    [
      506.5352957589286,
      208.86699507389164
    ],
    [
      515.2052464978449,
      256.1576354679803
    ],
    [
      498.65352235991384,
      309.7536945812808
    ],
    [
      455.30376866533254,
      357.5697860341941
    ],
    [
      387.5205174338054,
      392.24958898985915
    ],
    [
      289.7865272860222,
      408.53858835004235
    ],
    [
      199.1461331973522,
      396.7159282515202
    ],
    [
      135.3037686653325,
      369.12972135496847
    ],
    [
      83.28406423183498,
      321.0509036209783
    ],
    [
      65.15598541410098,
      270.3448275862069
    ],
    [
      69.88504945350985,
      224.6305418719212
    ],
    [
      91.16583763084975,
      185.2216748768473
    ],
    [
      125.05746324661331,
      150.54187192118226
    ],
    [
      177.8653450200123,
      122.16748768472907
    ],
    [
      228.30869477370692,
      107.192118226601
    ],
    [
      284.26928590671184,
      100.09852216748769
    ],
    [
      339.4416996998153,
      103.2512315270936
    ],
    [
      392.2495814732143,
      115.07389162561577
    ],
    [
      443.48110856681035,
      137.14285714285714
    ],
    [
      482.8899755618843,
      169.45812807881774
    ],
    [
      428.5057391086823,
      213.5960591133005
    ],
    [
      428.5057391086823,
      241.9704433497537
    ],
    [
      415.89490167025866,
      271.92118226600985
    ],
    [
      387.5205174338054,
      298.7192118226601
    ],
    [
      345.7471184190271,
      317.6354679802956
    ],
    [
      290.5747046259237,
      326.30541871921184
    ],
    [
      239.3431775323276,
      321.576354679803
    ],
    [
      196.7816011776478,
      305.02463054187194
    ],
    [
      165.25450758158868,
      279.8029556650246
    ],
    [
      149.49096078355913,
      251.42857142857144
    ],
    [
      148.70278344365764,
      221.47783251231527
    ],
    [
      160.5254435421798,
      196.25615763546799
    ],
    [
      182.5944090594212,
      171.82266009852216
    ],
    [
      212.54514797567734,
      155.27093596059115
    ],
    [
      248.80130561114532,
      142.92282630657328
    ],
    [
      285.8456405865148,
      138.9819396070659
    ],
    [
      324.4663302416872,
      139.77011694696736
    ],
    [
      359.93431053725374,
      150.0164223656866
    ],
    [
      390.67322679341135,
      164.99179182381465
    ],
    [
      415.10672433035717,
      187.06075734105605
    ]
  ],
  "dst_points": [
    [
      400.0,
      400.0
    ],
    [
      400.0,
      30.000000000000057
    ],
    [
      514.3362879187306,
      48.109088970793266
    ],
    [
      617.4805433482151,
      100.66371208126947
    ],
    [
      699.3362879187305,
      182.51945665178496
    ],
    [
      751.8909110292068,
      285.66371208126947
    ],
    [
      770.0,
      400.0
    ],
    [
      751.8909110292068,
      514.3362879187305
    ],
    [
      699.3362879187305,
      617.4805433482151
    ],
    [
      617.4805433482151,
      699.3362879187305
    ],
    [
      514.3362879187306,
      751.8909110292068
    ],
    [
      400.0,
      770.0
    ],
    [
      285.66371208126947,
      751.8909110292068
    ],
    [
      182.519456651785,
      699.3362879187305
    ],
    [
      100.66371208126952,
      617.4805433482151
    ],
    [
      48.109088970793266,
      514.3362879187306
    ],
    [
      30.000000000000057,
      400.00000000000006
    ],
    [
      48.10908897079321,
      285.6637120812695
    ],
    [
      100.66371208126947,
      182.519456651785
    ],
    [
      182.51945665178494,
      100.66371208126952
    ],
    [
      285.6637120812694,
      48.109088970793266
    ],
    [
      400.0,
      167.11764705882354
    ],
    [
      471.96460474884805,
      178.51572070514632
    ],
    [
      536.8848125779941,
      211.59421878056375
    ],
    [
      588.4057812194362,
      263.1151874220058
    ],
    [
      621.4842792948536,
      328.03539525115195
    ],
    [
      632.8823529411765,
      400.0
    ],
    [
      621.4842792948536,
      471.96460474884805
    ],
    [
      588.4057812194362,
      536.8848125779941
    ],
    [
      536.8848125779941,
      588.4057812194362
    ],
    [
      471.96460474884805,
      621.4842792948536
    ],
    [
      400.0,
      632.8823529411765
    ],
    [
      328.03539525115195,
      621.4842792948536
    ],
    [
      263.1151874220059,
      588.4057812194362
    ],
    [
      211.59421878056375,
      536.8848125779942
    ],
    [
      178.51572070514632,
      471.96460474884805
    ],
    [
      167.11764705882354,
      400.00000000000006
    ],
    [
      178.5157207051463,
      328.035395251152
    ],
    [
      211.59421878056375,
      263.1151874220059
    ],
    [
      263.11518742200576,
      211.59421878056375
    ],
    [
      328.0353952511519,
      178.51572070514632
    ]
  ],
  "image_shape": [
    480,
    640
  ],
  "board_size": 800,
  "board_scale": 2.176470588235294,
  "board_center": 400.0
}