{
  "camera": "right",
  "homography": [
    [
      0.3109673994358856,
      5.227859227841482,
      -570.5212136516733
    ],
    [
      -2.6901334448417553,
      1.1851626221990539,
      1175.244035158015
    ],
    [
      0.00018638236590794247,
      0.002692104976468886,
      1.0
    ]
  ],
  "src_points": [
    [
      288.0,
      218.0
    ],
    [
      506.0,
      201.0
    ],
    [
      516.0,
      251.0
    ],
    [
      499.0,
      306.0
    ],
    [
      456.0,
      355.0
    ],
    [
      383.0,
      392.0
    ],
    [
      292.0,
      409.0
    ],
    [
      209.0,
      401.0
    ],
    [
      132.0,
      370.0
    ],
    [
      84.0,
      325.0
    ],
    [
      67.0,
      279.0
    ],
    [
      71.0,
      229.0
    ],
    [
      95.0,
      185.0
    ],
    [
      132.0,
      150.0
    ],
    [
      176.0,
      125.0
    ],
    [
      228.0,
      108.0
    ],
    [
      285.0,
      100.0
    ],
    [
      342.0,
      101.0
    ],
    [
      392.0,
      112.0
    ],
    [
      442.0,
      133.0
    ],
    [
      481.0,
      164.0
    ],
    [
      428.0,
      209.0
    ],
    [
      428.0,
      239.0
    ],
    [
      413.0,
      272.0
    ],
    [
      385.0,
      298.0
    ],
    [
      342.0,
      318.0
    ],
    [
      289.0,
      327.0
    ],
    [
      236.0,
      322.0
    ],
    [
      194.0,
      306.0
    ],
    [
      166.0,
      284.0
    ],
    [
      150.0,
      255.0
    ],
    [
      148.0,
      226.0
    ],
    [
      163.0,
      196.0
    ],
    [
      183.0,
      173.0
    ],
    [
      211.0,
      157.0
    ],
    [
      248.0,
      143.0
    ],
    [
      286.0,
      138.0
    ],
    [
      324.0,
      139.0
    ],
    [
      360.0,
      148.0
    ],
    [
      390.0,
      162.0
    ],
    [
      413.0,
      183.0
    ]
  ],
  "dst_points": [
    [
      400.0,
      400.0
    ],
    [
      400.0,
      30.0
    ],
    [
      514.3363037109375,
      48.10908889770508
    ],
    [
      617.4805297851562,
      100.66371154785156
    ],
    [
      699.3363037109375,
      182.5194549560547
    ],
    [
      751.8909301757812,
      285.6637268066406
    ],
    [
      770.0,
      400.0
    ],
    [
      751.8909301757812,
      514.3363037109375
    ],
    [
      699.3363037109375,
      617.4805297851562
    ],
    [
      617.4805297851562,
      699.3363037109375
    ],
    [
      514.3363037109375,
      751.8909301757812
    ],
    [
      400.0,
      770.0
    ],
    [
      285.6637268066406,
      751.8909301757812
    ],
    [
      182.5194549560547,
      699.3363037109375
    ],
    [
      100.66371154785156,
      617.4805297851562
    ],
    [
      48.10908889770508,
      514.3363037109375
    ],
    [
      30.0,
      400.0
    ],
    [
      48.10908889770508,
      285.6637268066406
    ],
    [
      100.66371154785156,
      182.5194549560547
    ],
    [
      182.5194549560547,
      100.66371154785156
    ],
    [
      285.6637268066406,
      48.10908889770508
    ],
    [
      400.0,
      167.11764526367188
    ],
    [
      471.964599609375,
      178.51571655273438
    ],
    [
      536.8848266601562,
      211.59422302246094
    ],
    [
      588.40576171875,
      263.11517333984375
    ],
    [
      621.4842529296875,
      328.035400390625
    ],
    [
      632.88232421875,
      400.0
    ],
    [
      621.4842529296875,
      471.964599609375
    ],
    [
      588.40576171875,
      536.8848266601562
    ],
    [
      536.8848266601562,
      588.40576171875
    ],
    [
      471.964599609375,
      621.4842529296875
    ],
    [
      400.0,
      632.88232421875
    ],
    [
      328.035400390625,
      621.4842529296875
    ],
    [
      263.11517333984375,
      588.40576171875
    ],
    [
      211.59422302246094,
      536.8848266601562
    ],
    [
      178.51571655273438,
      471.964599609375
    ],
    [
      167.11764526367188,
      400.0
    ],
    [
      178.51571655273438,
      328.035400390625
    ],
    [
      211.59422302246094,
      263.11517333984375
    ],
    [
      263.11517333984375,
      211.59422302246094
    ],
    [
      328.035400390625,
      178.51571655273438
    ]
  ],
  "image_shape": [
    480,
    640
  ],
  "board_size": 800,
  "board_scale": 2.176470588235294,
  "board_center": 400.0,
  "roi": {
    "x_offset": 640,
    "width": 640,
    "full_width": 1280
  }
}